[
    {
        "strategy_name": "DFS",
        "numSteps": 4,
        "totalWeight": 26,
        "numNodeGenerated": 55,
        "time": 0.10308957099914551,
        "memory": 0.025768,
        "solution": "urdR",
        "has_solution": true
    },
    {
        "strategy_name": "BFS",
        "numSteps": 2,
        "totalWeight": 24,
        "numNodeGenerated": 22,
        "time": 0.10200119018554688,
        "memory": 0.0222,
        "solution": "rR",
        "has_solution": true
    },
    {
        "strategy_name": "UCS",
        "numSteps": 2,
        "totalWeight": 24,
        "numNodeGenerated": 47,
        "time": 0.10236954689025879,
        "memory": 0.030088,
        "solution": "rR",
        "has_solution": true
    },
    {
        "strategy_name": "A*",
        "numSteps": 2,
        "totalWeight": 24,
        "numNodeGenerated": 13,
        "time": 0.20197629928588867,
        "memory": 0.020316,
        "solution": "rR",
        "has_solution": true
    }
]