[
    {
        "strategy_name": "DFS",
        "numSteps": 4,
        "totalWeight": 26,
        "numNodeGenerated": 55,
        "time": 0.2036144733428955,
        "memory": 0.026329,
        "solution": "urdR",
        "has_solution": true
    },
    {
        "strategy_name": "BFS",
        "numSteps": 2,
        "totalWeight": 24,
        "numNodeGenerated": 22,
        "time": 0.20366549491882324,
        "memory": 0.022212,
        "solution": "rR",
        "has_solution": true
    },
    {
        "strategy_name": "UCS",
        "numSteps": 2,
        "totalWeight": 24,
        "numNodeGenerated": 47,
        "time": 0.20401811599731445,
        "memory": 0.030852,
        "solution": "rR",
        "has_solution": true
    },
    {
        "strategy_name": "A*",
        "numSteps": 2,
        "totalWeight": 24,
        "numNodeGenerated": 13,
        "time": 0.20366835594177246,
        "memory": 0.02048,
        "solution": "rR",
        "has_solution": true
    }
]