[
    {
        "strategy_name": "DFS",
        "numSteps": 0,
        "totalWeight": 0,
        "numNodeGenerated": 26761,
        "time": 3.5468461513519287,
        "memory": 0.203612,
        "solution": "No solution found",
        "has_solution": false
    },
    {
        "strategy_name": "BFS",
        "numSteps": 0,
        "totalWeight": 0,
        "numNodeGenerated": 7242,
        "time": 1.0654723644256592,
        "memory": 1.923575,
        "solution": "No solution found",
        "has_solution": false
    },
    {
        "strategy_name": "UCS",
        "numSteps": 0,
        "totalWeight": 0,
        "numNodeGenerated": 6957,
        "time": 1.0847179889678955,
        "memory": 1.533583,
        "solution": "No solution found",
        "has_solution": false
    },
    {
        "strategy_name": "A*",
        "numSteps": 0,
        "totalWeight": 0,
        "numNodeGenerated": 692,
        "time": 0.5398104190826416,
        "memory": 0.260136,
        "solution": "No solution found",
        "has_solution": false
    }
]